<?xml version="1.0" encoding="utf-8" ?>
<dwsync>
<file name="glyphicons-halflings-white.png" server="ftp.populerdunya.com/photographer-html/" local="129912542500000000" remote="130973077200000000" Dst="1" />
<file name="glyphicons-halflings.png" server="ftp.populerdunya.com/photographer-html/" local="129912542500000000" remote="130973077200000000" Dst="1" />
<file name="pixelwars-logo.png" server="ftp.populerdunya.com/photographer-html/" local="129826265290000000" remote="130973077200000000" Dst="1" />
<file name="glyphicons-halflings-white.png" server="ftp.populerdunya.com/empathy-html/" local="129912542500000000" remote="131009469000000000" Dst="1" />
<file name="glyphicons-halflings.png" server="ftp.populerdunya.com/empathy-html/" local="129912542500000000" remote="131009469000000000" Dst="1" />
<file name="pixelwars-logo.png" server="ftp.populerdunya.com/empathy-html/" local="129826265290000000" remote="131009469000000000" Dst="1" />
<file name="glyphicons-halflings-white.png" server="ftp.populerdunya.com/bookcard/" local="129912542500000000" remote="131063060400000000" Dst="2" />
<file name="glyphicons-halflings.png" server="ftp.populerdunya.com/bookcard/" local="129912542500000000" remote="131063060400000000" Dst="2" />
<file name="pixelwars-logo.png" server="ftp.populerdunya.com/bookcard/" local="129826265290000000" remote="131063060400000000" Dst="2" />
</dwsync>